{
  "project_info": {
    "project_number": "666610953970",
    "firebase_url": "https://smartwait-3cb6a.firebaseio.com",
    "project_id": "smartwait-3cb6a",
    "storage_bucket": "smartwait-3cb6a.appspot.com"
  },
  "client": [
    {
      "client_info": {
        "mobilesdk_app_id": "1:666610953970:android:ee4d754aab0525d3",
        "android_client_info": {
          "package_name": "com.org.ticketzone.app_mem"
        }
      },
      "oauth_client": [
        {
          "client_id": "666610953970-snq1udu84mgvgpcbi54rchs1bc6498n7.apps.googleusercontent.com",
          "client_type": 3
        }
      ],
      "api_key": [
        {
          "current_key": "AIzaSyA5sB2qHxlU3eiRAv4zRvOgrk03oF88X9w"
        }
      ],
      "services": {
        "appinvite_service": {
          "other_platform_oauth_client": [
            {
              "client_id": "666610953970-snq1udu84mgvgpcbi54rchs1bc6498n7.apps.googleusercontent.com",
              "client_type": 3
            }
          ]
        }
      }
    }
  ],
  "configuration_version": "1"
}